<?xml version="1.0" encoding="utf-8"?>
<!DOCTYPE hibernate-mapping PUBLIC "-//Hibernate/Hibernate Mapping DTD 3.0//EN"
"http://hibernate.sourceforge.net/hibernate-mapping-3.0.dtd">
<!-- 
    Mapping file autogenerated by MyEclipse Persistence Tools
-->
<hibernate-mapping>
    <class name="com.mucCollege.model.Block" table="block" catalog="java_test">
        <id name="blockid" type="java.lang.Integer">
            <column name="blockid" />
            <generator class="increment"></generator>
        </id>
        <many-to-one name="testpaper" class="com.mucCollege.model.Testpaper" fetch="select" lazy="false">
            <column name="testpaper">
                <comment>外键，说明属于哪份卷子</comment>
            </column>
        </many-to-one>
        <property name="blockname" type="java.lang.String">
            <column name="blockname" length="50">
                <comment>一、二、三</comment>
            </column>
        </property>
        <property name="blockdes" type="java.lang.String">
            <column name="blockdes" length="300">
                <comment>描述</comment>
            </column>
        </property>
        <set name="testques" inverse="true">
            <key>
                <column name="block">
                    <comment>对应的block</comment>
                </column>
            </key>
            <one-to-many class="com.mucCollege.model.Testque" />
        </set>
    </class>
</hibernate-mapping>
