<?xml version="1.0" encoding="utf-8"?>
<!DOCTYPE hibernate-mapping PUBLIC "-//Hibernate/Hibernate Mapping DTD 3.0//EN"
"http://hibernate.sourceforge.net/hibernate-mapping-3.0.dtd">
<!-- 
    Mapping file autogenerated by MyEclipse Persistence Tools
-->
<hibernate-mapping>
    <class name="com.mucCollege.model.Collection" table="collection" catalog="java_test">
        <id name="collectionid" type="java.lang.Integer">
            <column name="collectionid" />
            <generator class="increment"></generator>
        </id>
        <many-to-one name="question" class="com.mucCollege.model.Question" fetch="select" lazy="false">
            <column name="question" />
        </many-to-one>
        <many-to-one name="user" class="com.mucCollege.model.User" fetch="select" lazy="false">
            <column name="teacher" />
        </many-to-one>
        <property name="collectionname" type="java.lang.String">
            <column name="collectionname" length="50">
                <comment>教师自定义的收藏夹名字</comment>
            </column>
        </property>
    </class>
</hibernate-mapping>
