<?xml version="1.0" encoding="utf-8"?>
<!DOCTYPE hibernate-mapping PUBLIC "-//Hibernate/Hibernate Mapping DTD 3.0//EN"
"http://hibernate.sourceforge.net/hibernate-mapping-3.0.dtd">
<!-- 
    Mapping file autogenerated by MyEclipse Persistence Tools
-->
<hibernate-mapping>
    <class name="com.mucCollege.model.Course" table="course" catalog="java_test">
        <id name="courseid" type="java.lang.Integer">
            <column name="courseid" />
            <generator class="increment"></generator>
        </id>
        <many-to-one name="subject" class="com.mucCollege.model.Subject" fetch="select" lazy="false">
            <column name="subject">
                <comment>科目大类,不具体到专业</comment>
            </column>
        </many-to-one>
        <many-to-one name="dept" class="com.mucCollege.model.Dept" fetch="select" lazy="false">
            <column name="dept">
                <comment>所属学院，外键</comment>
            </column>
        </many-to-one>
        <property name="coursename" type="java.lang.String">
            <column name="coursename" length="20" unique="true">
                <comment>课程名称</comment>
            </column>
        </property>
        <property name="detail" type="java.lang.String">
            <column name="detail" length="30">
                <comment>课程介绍</comment>
            </column>
        </property>
        <property name="state" type="java.lang.String">
            <column name="state" length="30">
                <comment>课程状态</comment>
            </column>
        </property>
        <set name="teacourses" inverse="true">
            <key>
                <column name="course">
                    <comment>课程</comment>
                </column>
            </key>
            <one-to-many class="com.mucCollege.model.Teacourse" />
        </set>
        <set name="teacourses_1" inverse="true">
            <key>
                <column name="course">
                    <comment>课程</comment>
                </column>
            </key>
            <one-to-many class="com.mucCollege.model.Teacourse" />
        </set>
    </class>
</hibernate-mapping>
