<?xml version="1.0" encoding="utf-8"?>
<!DOCTYPE hibernate-mapping PUBLIC "-//Hibernate/Hibernate Mapping DTD 3.0//EN"
"http://hibernate.sourceforge.net/hibernate-mapping-3.0.dtd">
<!-- 
    Mapping file autogenerated by MyEclipse Persistence Tools
-->
<hibernate-mapping>
    <class name="com.mucCollege.model.Dept" table="dept" catalog="java_test">
        <id name="deptid" type="java.lang.Integer">
            <column name="deptid" />
            <generator class="increment"></generator>
        </id>
        <property name="deptname" type="java.lang.String">
            <column name="deptname" length="25" unique="true">
                <comment>院系名称</comment>
            </column>
        </property>
        <property name="deptdes" type="java.lang.String">
            <column name="deptdes" length="300">
                <comment>学院描述</comment>
            </column>
        </property>
        <set name="courses" inverse="true">
            <key>
                <column name="dept">
                    <comment>所属学院，外键</comment>
                </column>
            </key>
            <one-to-many class="com.mucCollege.model.Course" />
        </set>
        <set name="stuClasses" inverse="true">
            <key>
                <column name="dept">
                    <comment>所在院系</comment>
                </column>
            </key>
            <one-to-many class="com.mucCollege.model.StuClass" />
        </set>
        <set name="users" inverse="true">
            <key>
                <column name="dept">
                    <comment>所在学院、外键</comment>
                </column>
            </key>
            <one-to-many class="com.mucCollege.model.User" />
        </set>
        <set name="courses_1" inverse="true">
            <key>
                <column name="dept">
                    <comment>所属学院，外键</comment>
                </column>
            </key>
            <one-to-many class="com.mucCollege.model.Course" />
        </set>
        <set name="stuClasses_1" inverse="true">
            <key>
                <column name="dept">
                    <comment>所在院系</comment>
                </column>
            </key>
            <one-to-many class="com.mucCollege.model.StuClass" />
        </set>
        <set name="users_1" inverse="true">
            <key>
                <column name="dept">
                    <comment>所在学院、外键</comment>
                </column>
            </key>
            <one-to-many class="com.mucCollege.model.User" />
        </set>
    </class>
</hibernate-mapping>
