<?xml version="1.0" encoding="utf-8"?>
<!DOCTYPE hibernate-mapping PUBLIC "-//Hibernate/Hibernate Mapping DTD 3.0//EN"
"http://hibernate.sourceforge.net/hibernate-mapping-3.0.dtd">
<!-- 
    Mapping file autogenerated by MyEclipse Persistence Tools
-->
<hibernate-mapping>
    <class name="com.mucCollege.model.Errorque" table="errorque" catalog="java_test">
        <id name="errorqueid" type="java.lang.Integer">
            <column name="errorqueid" />
            <generator class="increment"></generator>
        </id>
        <many-to-one name="stuque" class="com.mucCollege.model.Stuque" fetch="select" lazy="false">
            <column name="stuque">
                <comment>学生题目id</comment>
            </column>
        </many-to-one>
    </class>
</hibernate-mapping>
