<?xml version="1.0" encoding="utf-8"?>
<!DOCTYPE hibernate-mapping PUBLIC "-//Hibernate/Hibernate Mapping DTD 3.0//EN"
"http://hibernate.sourceforge.net/hibernate-mapping-3.0.dtd">
<!-- 
    Mapping file autogenerated by MyEclipse Persistence Tools
-->
<hibernate-mapping>
    <class name="com.mucCollege.model.Question" table="question" catalog="java_test">
        <id name="questionid" type="java.lang.Integer">
            <column name="questionid" />
            <generator class="increment"></generator>
        </id>
        <many-to-one name="subject" class="com.mucCollege.model.Subject" fetch="select" lazy="false">
            <column name="subject">
                <comment>题目的科目大类</comment>
            </column>
        </many-to-one>
        <many-to-one name="user" class="com.mucCollege.model.User" fetch="select" lazy="false">
            <column name="adder">
                <comment>学号/学工号</comment>
            </column>
        </many-to-one>
        <many-to-one name="quetype" class="com.mucCollege.model.Quetype" fetch="select" lazy="false">
            <column name="type">
                <comment>题型</comment>
            </column>
        </many-to-one>
        <property name="label" type="java.lang.String">
            <column name="label" length="120">
                <comment>涉及的知识点</comment>
            </column>
        </property>
        <property name="stem" type="java.lang.String">
            <column name="stem" length="65535">
                <comment>题干</comment>
            </column>
        </property>
        <property name="annotation" type="java.lang.String">
            <column name="annotation" length="65535">
                <comment>答案解析</comment>
            </column>
        </property>
        <property name="answer" type="java.lang.String">
            <column name="answer" length="65535">
                <comment>标准答案</comment>
            </column>
        </property>
        <property name="quescore" type="java.lang.Integer">
            <column name="quescore">
                <comment>建议分数</comment>
            </column>
        </property>
        <property name="option1" type="java.lang.String">
            <column name="option1">
                <comment>选项1</comment>
            </column>
        </property>
        <property name="option2" type="java.lang.String">
            <column name="option2" length="240">
                <comment>选项2</comment>
            </column>
        </property>
        <property name="option3" type="java.lang.String">
            <column name="option3" length="240">
                <comment>选项3</comment>
            </column>
        </property>
        <property name="option4" type="java.lang.String">
            <column name="option4" length="240">
                <comment>选项4</comment>
            </column>
        </property>
        <property name="option5" type="java.lang.String">
            <column name="option5" length="240">
                <comment>选项5</comment>
            </column>
        </property>
        <property name="option6" type="java.lang.String">
            <column name="option6" length="240">
                <comment>选项6</comment>
            </column>
        </property>
        <property name="option7" type="java.lang.String">
            <column name="option7" length="240">
                <comment>选项7</comment>
            </column>
        </property>
        <property name="isPicture" type="java.lang.Boolean">
            <column name="isPicture">
                <comment>是否全为图片</comment>
            </column>
        </property>
        <property name="isvisiable" type="java.lang.Boolean">
            <column name="isvisiable">
                <comment>是否题目对学生可见</comment>
            </column>
        </property>
        <property name="depth" type="java.lang.Double">
            <column name="depth" precision="22" scale="0">
                <comment>难度</comment>
            </column>
        </property>
        <set name="collections" inverse="true">
            <key>
                <column name="question" />
            </key>
            <one-to-many class="com.mucCollege.model.Collection" />
        </set>
        <set name="testques" inverse="true">
            <key>
                <column name="question">
                    <comment>对应题库中的题</comment>
                </column>
            </key>
            <one-to-many class="com.mucCollege.model.Testque" />
        </set>
        <set name="testques_1" inverse="true">
            <key>
                <column name="question">
                    <comment>对应题库中的题</comment>
                </column>
            </key>
            <one-to-many class="com.mucCollege.model.Testque" />
        </set>
        <set name="collections_1" inverse="true">
            <key>
                <column name="question" />
            </key>
            <one-to-many class="com.mucCollege.model.Collection" />
        </set>
        
    </class>
</hibernate-mapping>
