<?xml version="1.0" encoding="utf-8"?>
<!DOCTYPE hibernate-mapping PUBLIC "-//Hibernate/Hibernate Mapping DTD 3.0//EN"
"http://hibernate.sourceforge.net/hibernate-mapping-3.0.dtd">
<!-- 
    Mapping file autogenerated by MyEclipse Persistence Tools
-->
<hibernate-mapping>
    <class name="com.mucCollege.model.Quetype" table="quetype" catalog="java_test">
        <id name="quetypeid" type="java.lang.Integer">
            <column name="quetypeid" />
            <generator class="increment"></generator>
        </id>
        <property name="typename" type="java.lang.String">
            <column name="typename" length="60" />
        </property>
        <set name="questions" inverse="true">
            <key>
                <column name="type">
                    <comment>题型</comment>
                </column>
            </key>
            <one-to-many class="com.mucCollege.model.Question" />
        </set>
        <set name="questions_1" inverse="true">
            <key>
                <column name="type">
                    <comment>题型</comment>
                </column>
            </key>
            <one-to-many class="com.mucCollege.model.Question" />
        </set>
    </class>
</hibernate-mapping>
