<?xml version="1.0" encoding="utf-8"?>
<!DOCTYPE hibernate-mapping PUBLIC "-//Hibernate/Hibernate Mapping DTD 3.0//EN"
"http://hibernate.sourceforge.net/hibernate-mapping-3.0.dtd">
<!-- 
    Mapping file autogenerated by MyEclipse Persistence Tools
-->
<hibernate-mapping>
    <class name="com.mucCollege.model.Selectcourse" table="selectcourse" catalog="java_test">
        <id name="selectid" type="java.lang.Long">
            <column name="selectid" />
            <generator class="increment"></generator>
        </id>
        <many-to-one name="teacourse" class="com.mucCollege.model.Teacourse" fetch="select" lazy="false">
            <column name="teacourse">
                <comment>所选课程</comment>
            </column>
        </many-to-one>
        <many-to-one name="user" class="com.mucCollege.model.User" fetch="select" lazy="false">
            <column name="student">
                <comment>学生</comment>
            </column>
        </many-to-one>
    </class>
</hibernate-mapping>
