<?xml version="1.0" encoding="utf-8"?>
<!DOCTYPE hibernate-mapping PUBLIC "-//Hibernate/Hibernate Mapping DTD 3.0//EN"
"http://hibernate.sourceforge.net/hibernate-mapping-3.0.dtd">
<!-- 
    Mapping file autogenerated by MyEclipse Persistence Tools
-->
<hibernate-mapping>
    <class name="com.mucCollege.model.StuClass" table="class" catalog="java_test">
        <id name="classid" type="java.lang.Integer">
            <column name="classid" />
            <generator class="increment"></generator>
        </id>
        <many-to-one name="dept" class="com.mucCollege.model.Dept" fetch="select" lazy="false">
            <column name="dept">
                <comment>所在院系</comment>
            </column>
        </many-to-one>
        <property name="classname" type="java.lang.String">
            <column name="classname" length="60">
                <comment>班级名称</comment>
            </column>
        </property>
        <property name="major" type="java.lang.String">
            <column name="major" length="20">
                <comment>专业</comment>
            </column>
        </property>
        <property name="grade" type="java.lang.String">
            <column name="grade" length="4">
                <comment>年级</comment>
            </column>
        </property>
        <set name="users" inverse="true">
            <key>
                <column name="class">
                    <comment>班级</comment>
                </column>
            </key>
            <one-to-many class="com.mucCollege.model.User" />
        </set>
        <set name="tests" inverse="true">
            <key>
                <column name="class">
                    <comment>被分配考试的班级</comment>
                </column>
            </key>
            <one-to-many class="com.mucCollege.model.Test" />
        </set>
        <set name="teacourses" inverse="true">
            <key>
                <column name="class">
                    <comment>教授班级</comment>
                </column>
            </key>
            <one-to-many class="com.mucCollege.model.Teacourse" />
        </set>
        <set name="tests_1" inverse="true">
            <key>
                <column name="class">
                    <comment>被分配考试的班级</comment>
                </column>
            </key>
            <one-to-many class="com.mucCollege.model.Test" />
        </set>
        <set name="users_1" inverse="true">
            <key>
                <column name="class">
                    <comment>班级</comment>
                </column>
            </key>
            <one-to-many class="com.mucCollege.model.User" />
        </set>
        <set name="users_2" inverse="true">
            <key>
                <column name="class">
                    <comment>班级</comment>
                </column>
            </key>
            <one-to-many class="com.mucCollege.model.User" />
        </set>
        <set name="teacourses_1" inverse="true">
            <key>
                <column name="class">
                    <comment>教授班级</comment>
                </column>
            </key>
            <one-to-many class="com.mucCollege.model.Teacourse" />
        </set>
    </class>
</hibernate-mapping>
