<?xml version="1.0" encoding="utf-8"?>
<!DOCTYPE hibernate-mapping PUBLIC "-//Hibernate/Hibernate Mapping DTD 3.0//EN"
"http://hibernate.sourceforge.net/hibernate-mapping-3.0.dtd">
<!-- 
    Mapping file autogenerated by MyEclipse Persistence Tools
-->
<hibernate-mapping>
    <class name="com.mucCollege.model.Stupaper" table="stupaper" catalog="java_test">
        <id name="stupaperid" type="java.lang.Integer">
            <column name="stupaperid" />
            <generator class="increment"></generator>
        </id>
        <many-to-one name="test" class="com.mucCollege.model.Test" fetch="select" lazy="false">
            <column name="test">
                <comment>对应的考试</comment>
            </column>
        </many-to-one>
        <many-to-one name="user" class="com.mucCollege.model.User" fetch="select" lazy="false">
            <column name="student">
                <comment>学生</comment>
            </column>
        </many-to-one>
        <property name="score" type="java.lang.Integer">
            <column name="score">
                <comment>试卷得分</comment>
            </column>
        </property>
        <property name="status" type="java.lang.Integer">
            <column name="status">
                <comment>试卷状态，是否提交</comment>
            </column>
        </property>
        <property name="accuracy" type="java.lang.Integer">
            <column name="accuracy">
                <comment>正确率，如98</comment>
            </column>
        </property>
        <set name="stuques" inverse="true">
            <key>
                <column name="stupaper">
                    <comment>对应的学生试卷</comment>
                </column>
            </key>
            <one-to-many class="com.mucCollege.model.Stuque" />
        </set>
        <set name="stuques_1" inverse="true">
            <key>
                <column name="stupaper">
                    <comment>对应的学生试卷</comment>
                </column>
            </key>
            <one-to-many class="com.mucCollege.model.Stuque" />
        </set>
    </class>
</hibernate-mapping>
