<?xml version="1.0" encoding="utf-8"?>
<!DOCTYPE hibernate-mapping PUBLIC "-//Hibernate/Hibernate Mapping DTD 3.0//EN"
"http://hibernate.sourceforge.net/hibernate-mapping-3.0.dtd">
<!-- 
    Mapping file autogenerated by MyEclipse Persistence Tools
-->
<hibernate-mapping>
    <class name="com.mucCollege.model.Stuque" table="stuque" catalog="java_test">
        <id name="stuqueid" type="java.lang.Integer">
            <column name="stuqueid" />
            <generator class="increment"></generator>
        </id>
        <many-to-one name="stupaper" class="com.mucCollege.model.Stupaper" fetch="select" lazy="false">
            <column name="stupaper">
                <comment>对应的学生试卷</comment>
            </column>
        </many-to-one>
        <many-to-one name="testque" class="com.mucCollege.model.Testque" fetch="select" lazy="false">
            <column name="testque">
                <comment>题目</comment>
            </column>
        </many-to-one>
        <property name="answer" type="java.lang.String">
            <column name="answer" length="200">
                <comment>学生的答案</comment>
            </column>
        </property>
        <property name="score" type="java.lang.Integer">
            <column name="score">
                <comment>得分</comment>
            </column>
        </property>
        <set name="teamarks" inverse="true">
            <key>
                <column name="stuque" />
            </key>
            <one-to-many class="com.mucCollege.model.Teamark" />
        </set>
        <set name="errorques" inverse="true">
            <key>
                <column name="stuque">
                    <comment>学生题目id</comment>
                </column>
            </key>
            <one-to-many class="com.mucCollege.model.Errorque" />
        </set>
        <set name="teamarks_1" inverse="true">
            <key>
                <column name="stuque" />
            </key>
            <one-to-many class="com.mucCollege.model.Teamark" />
        </set>
        <set name="errorques_1" inverse="true">
            <key>
                <column name="stuque">
                    <comment>题库中题目id</comment>
                </column>
            </key>
            <one-to-many class="com.mucCollege.model.Errorque" />
        </set>
        <set name="teamarks_2" inverse="true">
            <key>
                <column name="stuque" />
            </key>
            <one-to-many class="com.mucCollege.model.Teamark" />
        </set>
    </class>
</hibernate-mapping>
