<?xml version="1.0" encoding="utf-8"?>
<!DOCTYPE hibernate-mapping PUBLIC "-//Hibernate/Hibernate Mapping DTD 3.0//EN"
"http://hibernate.sourceforge.net/hibernate-mapping-3.0.dtd">
<!-- 
    Mapping file autogenerated by MyEclipse Persistence Tools
-->
<hibernate-mapping>
    <class name="com.mucCollege.model.Subject" table="subject" catalog="java_test">
        <id name="subjectid" type="java.lang.Integer">
            <column name="subjectid" />
            <generator class="increment"></generator>
        </id>
        <property name="subjectname" type="java.lang.String">
            <column name="subjectname" length="50" unique="true">
                <comment>课程名字</comment>
            </column>
        </property>
        <set name="questions" inverse="true">
            <key>
                <column name="subject">
                    <comment>题目的科目大类</comment>
                </column>
            </key>
            <one-to-many class="com.mucCollege.model.Question" />
        </set>
        <set name="questions_1" inverse="true">
            <key>
                <column name="subject">
                    <comment>题目的科目大类</comment>
                </column>
            </key>
            <one-to-many class="com.mucCollege.model.Question" />
        </set>
        <set name="courses" inverse="true">
            <key>
                <column name="subject">
                    <comment>科目大类,不具体到专业</comment>
                </column>
            </key>
            <one-to-many class="com.mucCollege.model.Course" />
        </set>
        <set name="courses_1" inverse="true">
            <key>
                <column name="subject">
                    <comment>科目大类,不具体到专业</comment>
                </column>
            </key>
            <one-to-many class="com.mucCollege.model.Course" />
        </set>
    </class>
</hibernate-mapping>
