<?xml version="1.0" encoding="utf-8"?>
<!DOCTYPE hibernate-mapping PUBLIC "-//Hibernate/Hibernate Mapping DTD 3.0//EN"
"http://hibernate.sourceforge.net/hibernate-mapping-3.0.dtd">
<!-- 
    Mapping file autogenerated by MyEclipse Persistence Tools
-->
<hibernate-mapping>
    <class name="com.mucCollege.model.Teacourse" table="teacourse" catalog="java_test">
        <id name="teacourseid" type="java.lang.Integer">
            <column name="teacourseid" />
            <generator class="increment"></generator>
        </id>
        <many-to-one name="user" class="com.mucCollege.model.User" fetch="select" lazy="false">
            <column name="teacher">
                <comment>授课教师</comment>
            </column>
        </many-to-one>
        <many-to-one name="stuClass" class="com.mucCollege.model.StuClass" fetch="select" lazy="false">
            <column name="class">
                <comment>教授班级</comment>
            </column>
        </many-to-one>
        <many-to-one name="course" class="com.mucCollege.model.Course" fetch="select" lazy="false">
            <column name="course">
                <comment>课程</comment>
            </column>
        </many-to-one>
        <property name="year" type="java.lang.Integer">
            <column name="year">
                <comment>学年，值2014、2015等</comment>
            </column>
        </property>
        <property name="term" type="java.lang.Integer">
            <column name="term">
                <comment>学期，值为1、2</comment>
            </column>
        </property>
        <property name="couscore" type="java.lang.Double">
            <column name="couscore" precision="22" scale="0">
                <comment>学分</comment>
            </column>
        </property>
        <property name="coutime" type="java.lang.Double">
            <column name="coutime" precision="22" scale="0">
                <comment>课时</comment>
            </column>
        </property>
        <property name="state" type="java.lang.String">
            <column name="state" length="20">
                <comment>课程状态</comment>
            </column>
        </property>
        <set name="tests" inverse="true">
            <key>
                <column name="teacourse">
                    <comment>考试对应的课程</comment>
                </column>
            </key>
            <one-to-many class="com.mucCollege.model.Test" />
        </set>
        <set name="coustudents" inverse="true">
            <key>
                <column name="teccourse">
                    <comment>对应的课程</comment>
                </column>
            </key>
            <one-to-many class="com.mucCollege.model.Coustudent" />
        </set>
        <set name="selectcourses" inverse="true">
            <key>
                <column name="teacourse">
                    <comment>所选课程</comment>
                </column>
            </key>
            <one-to-many class="com.mucCollege.model.Selectcourse" />
        </set>
        <set name="coustudents_1" inverse="true">
            <key>
                <column name="teccourse">
                    <comment>对应的课程</comment>
                </column>
            </key>
            <one-to-many class="com.mucCollege.model.Coustudent" />
        </set>
    </class>
</hibernate-mapping>
