<?xml version="1.0" encoding="utf-8"?>
<!DOCTYPE hibernate-mapping PUBLIC "-//Hibernate/Hibernate Mapping DTD 3.0//EN"
"http://hibernate.sourceforge.net/hibernate-mapping-3.0.dtd">
<!-- 
    Mapping file autogenerated by MyEclipse Persistence Tools
-->
<hibernate-mapping>
    <class name="com.mucCollege.model.Teamark" table="teamark" catalog="java_test">
        <id name="teamarkid" type="java.lang.Integer">
            <column name="teamarkid" />
            <generator class="increment"></generator>
        </id>
        <many-to-one name="stuque" class="com.mucCollege.model.Stuque" fetch="select" lazy="false">
            <column name="stuque" />
        </many-to-one>
        <property name="comment" type="java.lang.String">
            <column name="comment">
                <comment>教师评语</comment>
            </column>
        </property>
    </class>
</hibernate-mapping>
