<?xml version="1.0" encoding="utf-8"?>
<!DOCTYPE hibernate-mapping PUBLIC "-//Hibernate/Hibernate Mapping DTD 3.0//EN"
"http://hibernate.sourceforge.net/hibernate-mapping-3.0.dtd">
<!-- 
    Mapping file autogenerated by MyEclipse Persistence Tools
-->
<hibernate-mapping>
    <class name="com.mucCollege.model.Testpaper" table="testpaper" catalog="java_test">
        <id name="testpaperid" type="java.lang.Integer">
            <column name="testpaperid" />
            <generator class="increment"></generator>
        </id>
        <many-to-one name="user" class="com.mucCollege.model.User" fetch="select" lazy="false">
            <column name="creator">
                <comment>创建试卷的老师</comment>
            </column>
        </many-to-one>
        <property name="testpapername" type="java.lang.String">
            <column name="testpapername" length="30">
                <comment>试卷的名字</comment>
            </column>
        </property>
        <property name="questionnum" type="java.lang.Integer">
            <column name="questionnum">
                <comment>题量</comment>
            </column>
        </property>
        <property name="totalscore" type="java.lang.Integer">
            <column name="totalscore">
                <comment>总分</comment>
            </column>
        </property>
        <property name="totaltime" type="java.lang.Integer">
            <column name="totaltime">
                <comment>答题时间min</comment>
            </column>
        </property>
        <set name="tests" inverse="true">
            <key>
                <column name="testpaper">
                    <comment>采用的试卷</comment>
                </column>
            </key>
            <one-to-many class="com.mucCollege.model.Test" />
        </set>
        <set name="blocks" inverse="true">
            <key>
                <column name="testpaper">
                    <comment>外键，说明属于哪份卷子</comment>
                </column>
            </key>
            <one-to-many class="com.mucCollege.model.Block" />
        </set>
        <set name="blocks_1" inverse="true">
            <key>
                <column name="testpaper">
                    <comment>外键，说明属于哪份卷子</comment>
                </column>
            </key>
            <one-to-many class="com.mucCollege.model.Block" />
        </set>
        <set name="tests_1" inverse="true">
            <key>
                <column name="testpaper">
                    <comment>采用的试卷</comment>
                </column>
            </key>
            <one-to-many class="com.mucCollege.model.Test" />
        </set>
    </class>
</hibernate-mapping>
