<?xml version="1.0" encoding="utf-8"?>
<!DOCTYPE hibernate-mapping PUBLIC "-//Hibernate/Hibernate Mapping DTD 3.0//EN"
"http://hibernate.sourceforge.net/hibernate-mapping-3.0.dtd">
<!-- 
    Mapping file autogenerated by MyEclipse Persistence Tools
-->
<hibernate-mapping>
    <class name="com.mucCollege.model.Testque" table="testque" catalog="java_test">
        <id name="testquesid" type="java.lang.Integer">
            <column name="testquesid" />
            <generator class="increment"></generator>
        </id>
        <many-to-one name="question" class="com.mucCollege.model.Question" fetch="select" lazy="false">
            <column name="question">
                <comment>对应题库中的题</comment>
            </column>
        </many-to-one>
        <many-to-one name="block" class="com.mucCollege.model.Block" fetch="select" lazy="false">
            <column name="block">
                <comment>对应的block</comment>
            </column>
        </many-to-one>
        <property name="quesnum" type="java.lang.Integer">
            <column name="quesnum">
                <comment>question在block中的顺序</comment>
            </column>
        </property>
        <property name="score" type="java.lang.Integer">
            <column name="score">
                <comment>question在block中的分数</comment>
            </column>
        </property>
        <property name="depth" type="java.lang.Integer">
            <column name="depth">
                <comment>question在block中的难度</comment>
            </column>
        </property>
        <set name="stuques" inverse="true">
            <key>
                <column name="testque">
                    <comment>题目</comment>
                </column>
            </key>
            <one-to-many class="com.mucCollege.model.Stuque" />
        </set>
        <set name="stuques_1" inverse="true">
            <key>
                <column name="testque">
                    <comment>题目</comment>
                </column>
            </key>
            <one-to-many class="com.mucCollege.model.Stuque" />
        </set>
    </class>
</hibernate-mapping>
