<?xml version="1.0" encoding="utf-8"?>
<!DOCTYPE hibernate-mapping PUBLIC "-//Hibernate/Hibernate Mapping DTD 3.0//EN"
"http://hibernate.sourceforge.net/hibernate-mapping-3.0.dtd">
<!-- 
    Mapping file autogenerated by MyEclipse Persistence Tools
-->
<hibernate-mapping>
    <class name="com.mucCollege.model.Usertype" table="usertype" catalog="java_test">
        <id name="usertypeid" type="java.lang.Integer">
            <column name="usertypeid" />
            <generator class="increment"></generator>
        </id>
        <property name="role" type="java.lang.String">
            <column name="role" length="30">
                <comment>用户角色</comment>
            </column>
        </property>
        <set name="users" inverse="true">
            <key>
                <column name="usertype" not-null="true">
                    <comment>用户角色</comment>
                </column>
            </key>
            <one-to-many class="com.mucCollege.model.User" />
        </set>
        <set name="users_1" inverse="true">
            <key>
                <column name="usertype" not-null="true">
                    <comment>用户角色</comment>
                </column>
            </key>
            <one-to-many class="com.mucCollege.model.User" />
        </set>
    </class>
</hibernate-mapping>
