<?xml version="1.0" encoding="utf-8"?>
<!DOCTYPE hibernate-mapping PUBLIC "-//Hibernate/Hibernate Mapping DTD 3.0//EN"
"http://hibernate.sourceforge.net/hibernate-mapping-3.0.dtd">
<!-- 
    Mapping file autogenerated by MyEclipse Persistence Tools
-->
<hibernate-mapping>
    <class name="com.mucCollege.model.User" table="user" catalog="java_test">
        <id name="userid" type="java.lang.Integer">
            <column name="userid" />
            <generator class="increment"></generator>
        </id>
        <many-to-one name="dept" class="com.mucCollege.model.Dept" fetch="select" lazy="false">
            <column name="dept">
                <comment>所在学院、外键</comment>
            </column>
        </many-to-one>
        <many-to-one name="usertype" class="com.mucCollege.model.Usertype" fetch="select" lazy="false">
            <column name="usertype" not-null="true">
                <comment>用户角色</comment>
            </column>
        </many-to-one>
        <many-to-one name="stuClass" class="com.mucCollege.model.StuClass" fetch="select" lazy="false">
            <column name="class">
                <comment>班级</comment>
            </column>
        </many-to-one>
        <property name="username" type="java.lang.String">
            <column name="username" length="40">
                <comment>用户名</comment>
            </column>
        </property>
        <property name="password" type="java.lang.String">
            <column name="password" length="40">
                <comment>密码</comment>
            </column>
        </property>
        <property name="usernum" type="java.lang.String">
            <column name="usernum" length="50" unique="true">
                <comment>学号、学工号</comment>
            </column>
        </property>
        <property name="reaname" type="java.lang.String">
            <column name="reaname" length="50">
                <comment>真实名字</comment>
            </column>
        </property>
        <property name="gender" type="java.lang.String">
            <column name="gender" length="4">
                <comment>性别</comment>
            </column>
        </property>
        <property name="phonenum" type="java.lang.String">
            <column name="phonenum" length="50">
                <comment>联系电话</comment>
            </column>
        </property>
        <property name="email" type="java.lang.String">
            <column name="email" length="20">
                <comment>邮箱</comment>
            </column>
        </property>
        <property name="position" type="java.lang.String">
            <column name="position" length="50">
                <comment>教师职称</comment>
            </column>
        </property>
        <property name="intro" type="java.lang.String">
            <column name="intro" length="300">
                <comment>用户简介</comment>
            </column>
        </property>
        <set name="teacourses" inverse="true">
            <key>
                <column name="teacher">
                    <comment>授课教师</comment>
                </column>
            </key>
            <one-to-many class="com.mucCollege.model.Teacourse" />
        </set>
        <set name="coustudents" inverse="true">
            <key>
                <column name="student">
                    <comment>对应的学生</comment>
                </column>
            </key>
            <one-to-many class="com.mucCollege.model.Coustudent" />
        </set>
        <set name="selectcourses" inverse="true">
            <key>
                <column name="student">
                    <comment>学生</comment>
                </column>
            </key>
            <one-to-many class="com.mucCollege.model.Selectcourse" />
        </set>
        <set name="stupapers" inverse="true">
            <key>
                <column name="student">
                    <comment>学生</comment>
                </column>
            </key>
            <one-to-many class="com.mucCollege.model.Stupaper" />
        </set>
        <set name="coustudents_1" inverse="true">
            <key>
                <column name="student">
                    <comment>对应的学生</comment>
                </column>
            </key>
            <one-to-many class="com.mucCollege.model.Coustudent" />
        </set>
        <set name="coustudents_2" inverse="true">
            <key>
                <column name="student">
                    <comment>对应的学生</comment>
                </column>
            </key>
            <one-to-many class="com.mucCollege.model.Coustudent" />
        </set>
        <set name="collections" inverse="true">
            <key>
                <column name="teacher" />
            </key>
            <one-to-many class="com.mucCollege.model.Collection" />
        </set>
        <set name="selectcourses_1" inverse="true">
            <key>
                <column name="student">
                    <comment>学生</comment>
                </column>
            </key>
            <one-to-many class="com.mucCollege.model.Selectcourse" />
        </set>
        <set name="teacourses_1" inverse="true">
            <key>
                <column name="teacher">
                    <comment>授课教师</comment>
                </column>
            </key>
            <one-to-many class="com.mucCollege.model.Teacourse" />
        </set>
        <set name="testpapers" inverse="true">
            <key>
                <column name="creator">
                    <comment>创建试卷的老师</comment>
                </column>
            </key>
            <one-to-many class="com.mucCollege.model.Testpaper" />
        </set>
        <set name="collections_1" inverse="true">
            <key>
                <column name="teacher" />
            </key>
            <one-to-many class="com.mucCollege.model.Collection" />
        </set>
        <set name="questions" inverse="true">
            <key>
                <column name="adder">
                    <comment>学号/学工号</comment>
                </column>
            </key>
            <one-to-many class="com.mucCollege.model.Question" />
        </set>
        <set name="tests" inverse="true">
            <key>
                <column name="testcreator">
                    <comment>考试的创建者</comment>
                </column>
            </key>
            <one-to-many class="com.mucCollege.model.Question" />
        </set>
        <set name="selectcourses_2" inverse="true">
            <key>
                <column name="student">
                    <comment>学生</comment>
                </column>
            </key>
            <one-to-many class="com.mucCollege.model.Selectcourse" />
        </set>
        <set name="testpapers_1" inverse="true">
            <key>
                <column name="creator">
                    <comment>创建试卷的老师</comment>
                </column>
            </key>
            <one-to-many class="com.mucCollege.model.Testpaper" />
        </set>
        <set name="stupapers_1" inverse="true">
            <key>
                <column name="student">
                    <comment>学生</comment>
                </column>
            </key>
            <one-to-many class="com.mucCollege.model.Stupaper" />
        </set>
        <set name="stupapers_2" inverse="true">
            <key>
                <column name="student">
                    <comment>学生</comment>
                </column>
            </key>
            <one-to-many class="com.mucCollege.model.Stupaper" />
        </set>
    </class>
</hibernate-mapping>
